NAME,Total Population,Median HHI,Median HHI White,Median HHI Black,Less than High School,High School,Associate's Degree,Bachelor's Degree,Master's Degree or Higher,Proportion White,Proportion Black,Proportion All Other Races,Home Ownership Rate
1011,2349.0,63571.0,67321.0,69427.0,0.1076388888888889,0.35358796296296297,0.08159722222222222,0.2048611111111111,0.04050925925925926,0.7105151128139634,0.12473392933163048,0.16475095785440613,0.9079925650557621
1012,3477.0,88212.0,82188.0,,0.04164948453608248,0.24371134020618557,0.08288659793814433,0.3080412371134021,0.15381443298969072,0.639631866551625,0.20276100086281276,0.15760713258556228,0.9046221570066031
1013,3596.0,71053.0,70365.0,,0.08097027673385719,0.17833959685685002,0.07721216262384695,0.2668261018107277,0.19234711308507005,0.7255283648498332,0.20300333704115683,0.07146829810901001,0.5242470648289944
1014,2847.0,54480.0,61190.0,,0.10730593607305935,0.4075342465753425,0.06963470319634703,0.16837899543378995,0.12385844748858447,0.440463645943098,0.2339304531085353,0.3256059009483667,0.5729076790336497
1015,2637.0,38986.0,44583.0,29385.0,0.18914473684210525,0.29989035087719296,0.09539473684210527,0.13596491228070176,0.07785087719298246,0.5688282138794084,0.3120970800151687,0.11907470610542283,0.39902676399026765
1018,3565.0,48922.0,29512.0,53291.0,0.14138576779026218,0.5374531835205992,0.046348314606741575,0.0852059925093633,0.04962546816479401,0.42861150070126225,0.27489481065918653,0.29649368863955117,0.468944099378882
1021,2349.0,62692.0,59954.0,37404.0,0.05766458433445459,0.2532436328688131,0.09418548774627583,0.24795771263815472,0.1830850552618933,0.8552575564069816,0.05832269050659855,0.08641975308641975,0.4773635153129161
1022,5219.0,91500.0,90107.0,110994.0,0.05590350266759453,0.18070053351890514,0.07863604732080724,0.2927395035954535,0.2533054975643702,0.8867599156926614,0.06188925081433225,0.05135083349300632,0.8346007604562737
1023,2369.0,65579.0,71750.0,130777.0,0.03659305993690852,0.289589905362776,0.09905362776025237,0.2555205047318612,0.09842271293375394,0.5420008442380752,0.3047699451245251,0.15322921063739975,0.6225234619395204
1024,2577.0,54495.0,59875.0,52948.0,0.1053878034339846,0.1699230313795145,0.09591474245115453,0.2747187685020722,0.06927175843694494,0.5273573923166472,0.25300737291424136,0.21963523476911137,0.6219281663516069
1025,1916.0,70583.0,69375.0,125298.0,0.06593406593406594,0.16095669036845509,0.09308338720103426,0.25210084033613445,0.22301228183581126,0.7025052192066806,0.10177453027139875,0.19572025052192066,0.8020833333333334
1031,3195.0,59674.0,61458.0,38371.0,0.0430622009569378,0.26156299840510366,0.07655502392344497,0.25,0.24082934609250398,0.7270735524256651,0.210641627543036,0.062284820031298906,0.377151051625239
1034,1889.0,74375.0,71500.0,,0.05149396058486968,0.14431023521932612,0.20089001907183726,0.2917991099809282,0.14049586776859505,0.8877713075701429,0.06087877183695077,0.0513499205929063,0.8072916666666666
1036,1207.0,76429.0,75179.0,,0.07004310344827586,0.12392241379310345,0.08081896551724138,0.23814655172413793,0.28879310344827586,0.8956089478044739,0.004971002485501243,0.09942004971002485,0.8321678321678322
1037,2502.0,77983.0,78317.0,146677.0,0.0449722081859525,0.15209701869631126,0.056088933804951994,0.34007074279939364,0.13188479029813036,0.7733812949640287,0.11390887290167866,0.11270983213429256,0.7437550362610797
1038,3777.0,77956.0,77852.0,,0.016366065464261857,0.22177688710754842,0.06680026720106881,0.2528390113560454,0.20607882431529725,0.8991262907069102,0.03997881916865237,0.060894890124437384,0.773753280839895
1042,3351.0,71038.0,71303.0,,0.030292102416155788,0.15073927154706093,0.07428777497295348,0.36098088712585646,0.24846736386584925,0.7326171292151596,0.11101163831692032,0.15637123246792003,0.4719416386083053
1045,2331.0,75382.0,74605.0,83490.0,0.060363247863247864,0.16773504273504272,0.018162393162393164,0.28685897435897434,0.3557692307692308,0.7966537966537967,0.09009009009009009,0.11325611325611326,0.2359230220955096
1051.98,3771.0,76952.0,99531.0,,0.012200844673862036,0.01689347724073205,0.025340215861098078,0.30924448615673394,0.5729704364148287,0.6648103951206576,0.14372845399098383,0.19146115088835852,0.5148574893875075
1052,2989.0,52708.0,67356.0,29475.0,0.03972064600611087,0.0798777826276735,0.0650371017023134,0.36272370144041904,0.35006547359231777,0.37805286048845765,0.42522582803613246,0.19672131147540983,0.5035087719298246
1053,1928.0,26412.0,107036.0,25324.0,0.26549413735343386,0.16750418760469013,0.08375209380234507,0.11976549413735343,0.11222780569514237,0.09647302904564316,0.8454356846473029,0.058091286307053944,0.26730937773882557
1054,2404.0,68277.0,72917.0,67669.0,0.05698529411764706,0.39276960784313725,0.058823529411764705,0.08823529411764706,0.17095588235294118,0.05906821963394343,0.8352745424292846,0.10565723793677205,0.2052910052910053
1055,2653.0,54766.0,68068.0,54243.0,0.14578947368421052,0.21368421052631578,0.08105263157894736,0.15947368421052632,0.16157894736842104,0.07350169619298907,0.8714662646061063,0.05503203920090464,0.47092547092547093
1061,1395.0,27796.0,,27961.0,0.09133709981167608,0.4529190207156309,0.07909604519774012,0.060263653483992465,0.064030131826742,0.025089605734767026,0.9663082437275986,0.008602150537634409,0.44475524475524475
1062,1802.0,23421.0,,23240.0,0.12112676056338029,0.476056338028169,0.05352112676056338,0.0323943661971831,0.02112676056338028,0.002774694783573807,0.9911209766925638,0.006104328523862375,0.23013245033112584
1063,1359.0,40000.0,,40000.0,0.2603613177470776,0.47927736450584485,0.030818278427205102,0.03825717321997875,0.007438894792773645,0.0,1.0,0.0,0.288135593220339
1064,1874.0,37203.0,,36907.0,0.1865546218487395,0.3168067226890756,0.04957983193277311,0.073109243697479,0.052941176470588235,0.0,0.9413020277481323,0.05869797225186766,0.40125
1065,2716.0,42258.0,,42682.0,0.19727891156462585,0.39844509232264336,0.056365403304178816,0.12682215743440234,0.014577259475218658,0.07768777614138439,0.9215758468335787,0.0007363770250368188,0.48144876325088337
1066,1269.0,25313.0,,25063.0,0.11597938144329897,0.46134020618556704,0.03994845360824742,0.06443298969072164,0.03865979381443299,0.0512214342001576,0.9290780141843972,0.019700551615445233,0.3713733075435203
1067,2479.0,41116.0,,47583.0,0.10073710073710074,0.35331695331695334,0.14447174447174446,0.08796068796068796,0.114004914004914,0.004840661557079467,0.9697458652682533,0.025413473174667203,0.6693404634581105
1072,715.0,21875.0,,27000.0,0.3021978021978022,0.22893772893772893,0.11721611721611722,0.1282051282051282,0.03663003663003663,0.05874125874125874,0.8167832167832167,0.12447552447552447,0.4727272727272727
1073,4220.0,40077.0,,39637.0,0.10280042538107054,0.35342077277561146,0.06876993973768167,0.11981566820276497,0.04218362282878412,0.0071090047393364926,0.9682464454976303,0.024644549763033177,0.47978142076502733
1074,2061.0,46304.0,,39732.0,0.25914396887159535,0.4653696498054475,0.04824902723735409,0.031906614785992216,0.0,0.005822416302765648,0.8122270742358079,0.1819505094614265,0.4670487106017192
1075,1741.0,30510.0,,30133.0,0.15202702702702703,0.2989864864864865,0.09966216216216216,0.09037162162162163,0.04307432432432432,0.06490522688110281,0.9075244112578977,0.027570361860999426,0.7092457420924574
1076,1752.0,41719.0,,41719.0,0.16358024691358025,0.3194444444444444,0.06635802469135803,0.1720679012345679,0.06095679012345679,0.050799086757990865,0.9355022831050228,0.0136986301369863,0.32566585956416466
1081,3405.0,35909.0,,43125.0,0.15647668393782382,0.49430051813471504,0.03782383419689119,0.04248704663212435,0.054922279792746116,0.039060205580029365,0.9309838472834068,0.029955947136563875,0.47421731123388583
1082,1592.0,44000.0,,43550.0,0.07720588235294118,0.42058823529411765,0.08088235294117647,0.09117647058823529,0.06544117647058824,0.042085427135678394,0.9440954773869347,0.013819095477386936,0.6691542288557214
1083,1571.0,45569.0,,45569.0,0.1906005221932115,0.4421235857267189,0.09573542210617929,0.040905134899912966,0.0026109660574412533,0.046467218332272436,0.9306174411203055,0.022915340547422024,0.7125154894671624
1096,2254.0,30961.0,,31842.0,0.14105642256902762,0.4117647058823529,0.057623049219687875,0.042617046818727494,0.04201680672268908,0.04480922803904171,0.9472049689440993,0.007985803016858917,0.45407725321888415
1097,1538.0,44414.0,21000.0,45694.0,0.18039538714991762,0.3500823723228995,0.12191103789126853,0.07825370675453047,0.07084019769357495,0.04746423927178153,0.9499349804941483,0.002600780234070221,0.6332899869960988
1101,1889.0,32667.0,,32667.0,0.14809489575844717,0.44284687275341483,0.017253774263120056,0.13299784327821712,0.037383177570093455,0.0037056643726839597,0.9962943356273161,0.0,0.3438520130576714
1102,1828.0,28411.0,,28390.0,0.08445706174591909,0.34918381831085876,0.07310149041873669,0.12065294535131299,0.0099361249112846,0.01312910284463895,0.9518599562363238,0.0350109409190372,0.40473840078973344
1103,1512.0,31006.0,,30518.0,0.2849462365591398,0.32437275985663083,0.07706093189964158,0.07437275985663082,0.01971326164874552,0.0,0.9609788359788359,0.03902116402116402,0.4568210262828536
1104,2699.0,50424.0,135893.0,50564.0,0.17780115728563914,0.4797475013150973,0.054182009468700686,0.0825881115202525,0.054182009468700686,0.04075583549462764,0.8962578732864024,0.06298629121897,0.3530571992110454
1105,761.0,21422.0,,21029.0,0.2780337941628264,0.32565284178187404,0.06758832565284179,0.16282642089093702,0.0,0.1011826544021025,0.871222076215506,0.02759526938239159,0.5095693779904307
1111,2177.0,30270.0,,29205.0,0.07526080476900149,0.22801788375558868,0.10730253353204174,0.11326378539493294,0.07004470938897168,0.022967386311437757,0.9733578318787321,0.0036747818098300414,0.2780692549842602
1112,929.0,40302.0,,40188.0,0.08571428571428572,0.553968253968254,0.06349206349206349,0.08571428571428572,0.07142857142857142,0.1356297093649085,0.8310010764262648,0.03336921420882669,0.5203252032520326
1113,1461.0,30708.0,,31205.0,0.1804635761589404,0.3617549668874172,0.1076158940397351,0.09519867549668874,0.013245033112582781,0.06776180698151951,0.9253935660506503,0.006844626967830253,0.3462897526501767
1121,4116.0,59454.0,62847.0,,0.05705364745955152,0.0647175702526256,0.013908600624467783,0.4249219415271076,0.34856656258870283,0.6535471331389698,0.16715257531584063,0.1793002915451895,0.28818897637795277
1122,1246.0,29830.0,,23375.0,0.1566147859922179,0.2723735408560311,0.09533073929961089,0.20525291828793774,0.0933852140077821,0.11075441412520064,0.8162118780096308,0.07303370786516854,0.313953488372093
1123,1689.0,42292.0,,34167.0,0.137546468401487,0.26858736059479554,0.07992565055762081,0.05855018587360595,0.13011152416356878,0.07756068679692125,0.896388395500296,0.02605091770278271,0.3647959183673469
1124,4029.0,75694.0,88083.0,,0.036289050173556325,0.05427579678131903,0.044177974124329444,0.2597033764594509,0.5301356894919533,0.7530404566890048,0.03251427153139737,0.2144452717795979,0.294984076433121
1135,2384.0,61506.0,62468.0,,0.03128054740957967,0.26050830889540566,0.09726295210166178,0.2849462365591398,0.2209188660801564,0.9081375838926175,0.026845637583892617,0.06501677852348993,0.6632727272727272
1141.01,3915.0,49688.0,63055.0,26958.0,0.027550711474417195,0.13775355737208597,0.07992733878292461,0.35573720859824404,0.17771722676354829,0.8314176245210728,0.1284802043422733,0.040102171136653895,0.5071750717507175
1141.02,4129.0,78329.0,80204.0,63030.0,0.02451132485262178,0.14644740924604405,0.06639776605646913,0.27489916227117595,0.2627986348122867,0.9450230079922499,0.028093969484136595,0.026883022523613465,0.53166897827092
1142,3932.0,76025.0,81630.0,50779.0,0.0603290676416819,0.2230347349177331,0.0283363802559415,0.3756855575868373,0.14929920780012187,0.7828077314343845,0.09409969481180061,0.12309257375381485,0.6312900274473925
1143,5998.0,80491.0,82849.0,,0.04306987399770905,0.13447880870561282,0.060939289805269185,0.2618556701030928,0.2593356242840779,0.9213071023674558,0.017339113037679228,0.06135378459486496,0.7848816672553868
1151,3966.0,46881.0,48953.0,35020.0,0.15721464465183058,0.3004307250538406,0.11234745154343144,0.1191672648959081,0.0829145728643216,0.6290973272818962,0.21961674230963188,0.15128593040847202,0.5679558011049723
1152,2525.0,36711.0,37329.0,36373.0,0.1180327868852459,0.32786885245901637,0.14863387978142076,0.13387978142076504,0.09836065573770492,0.43405940594059406,0.5073267326732673,0.05861386138613861,0.4096551724137931
1153,5291.0,51563.0,49693.0,60890.0,0.14262990455991517,0.41039236479321317,0.033934252386002124,0.13600212089077413,0.05832449628844114,0.4014364014364014,0.3078813078813079,0.2906822906822907,0.5854364915184113
1154,2688.0,48910.0,51413.0,,0.1374127750939345,0.3145464304884595,0.0880300590445518,0.19484702093397746,0.05421363392377885,0.5595238095238095,0.296875,0.14360119047619047,0.6411960132890365
1155,5941.0,48094.0,49079.0,43614.0,0.1099429258035446,0.40823069990988287,0.04656052868729348,0.12015620306398318,0.07870231300690898,0.26291870055546207,0.6465241541827975,0.09055714526174045,0.39573268921095006
1156,3603.0,30101.0,31599.0,21648.0,0.15877616747181963,0.38679549114331724,0.06151368760064412,0.14138486312399356,0.01320450885668277,0.4626699972245351,0.47571468220927005,0.061615320566194835,0.28253275109170306
1157,3733.0,55136.0,68191.0,34022.0,0.07494866529774127,0.4414784394250513,0.031143052703627654,0.09958932238193019,0.13347022587268995,0.329493704795071,0.5229038306991696,0.14760246450575945,0.3110419906687403
1161,3597.0,49219.0,69085.0,14169.0,0.05568814638027048,0.2760540970564837,0.10620525059665871,0.2020684168655529,0.19928400954653938,0.4462051709758132,0.3725326661106478,0.18126216291353905,0.37828162291169454
1162,3700.0,84805.0,91477.0,,0.052393272962483826,0.09476067270375162,0.03719275549805951,0.35705045278137126,0.28395860284605434,0.7635135135135135,0.11,0.1264864864864865,0.6698008849557522
1163.01,3165.0,93253.0,96708.0,92790.0,0.027317073170731707,0.09365853658536585,0.05024390243902439,0.3073170731707317,0.30829268292682926,0.7921011058451817,0.09225908372827804,0.11563981042654028,0.5691446842525979
1163.02,2622.0,38906.0,38105.0,32721.0,0.2921282798833819,0.1912536443148688,0.08221574344023323,0.11836734693877551,0.060058309037900874,0.2936689549961861,0.33676582761250956,0.3695652173913043,0.2050447518307567
1164,4668.0,46564.0,63232.0,46799.0,0.23450479233226837,0.37124600638977634,0.017891373801916934,0.06293929712460064,0.06900958466453674,0.2782776349614396,0.5428449014567267,0.17887746358183376,0.4044783230109576
1165,3489.0,81676.0,117337.0,48155.0,0.08486407053637031,0.13299044819985306,0.059147685525349006,0.21050698016164585,0.3420279206465834,0.6024648896531958,0.2565204929779306,0.1410146173688736,0.5111764705882353
1171,1548.0,61023.0,58750.0,37007.0,0.023346303501945526,0.07937743190661478,0.023346303501945526,0.38210116731517507,0.2801556420233463,0.6996124031007752,0.06847545219638243,0.23191214470284238,0.26362625139043383
1172,4984.0,105625.0,105647.0,104316.0,0.0,0.049184639663335084,0.06970015781167807,0.3608627038400842,0.4163598106259863,0.6579052969502408,0.20686195826645265,0.13523274478330657,0.521828665568369
1174,4167.0,105842.0,129107.0,52716.0,0.02267716535433071,0.11307086614173228,0.015433070866141733,0.3795275590551181,0.3480314960629921,0.7379409647228222,0.21382289416846653,0.0482361411087113,0.5711286089238845
1181,1500.0,75000.0,74063.0,63482.0,0.11642050390964379,0.0894874022589053,0.03735881841876629,0.3266724587315378,0.2797567332754127,0.444,0.262,0.294,0.3929471032745592
1186,3974.0,68412.0,80511.0,47991.0,0.024632670700086432,0.13267070008643042,0.05099394987035436,0.38807260155574763,0.30985306828003456,0.6426774031202819,0.14494212380473076,0.21238047307498742,0.33079847908745247
1191.01,2601.0,54545.0,116652.0,,0.06994584837545126,0.14756317689530685,0.015342960288808664,0.22202166064981949,0.3925992779783393,0.48404459823144946,0.2879661668589004,0.22798923490965015,0.271420674405749
1191.02,3512.0,51410.0,59750.0,,0.05457227138643068,0.11910029498525074,0.004793510324483776,0.20464601769911506,0.4856194690265487,0.553246013667426,0.1958997722095672,0.25085421412300685,0.15323336457357076
1192,1595.0,84282.0,179500.0,59250.0,0.08638132295719844,0.1688715953307393,0.07392996108949416,0.2178988326848249,0.3649805447470817,0.5103448275862069,0.3335423197492163,0.1561128526645768,0.6081258191349934
1193,4235.0,36308.0,33594.0,50602.0,0.05567010309278351,0.1515463917525773,0.08247422680412371,0.25876288659793817,0.2407216494845361,0.6273907910271547,0.16576151121605667,0.20684769775678866,0.08915971776779986
1202,1014.0,43798.0,,43462.0,0.15433070866141732,0.4346456692913386,0.04094488188976378,0.029921259842519685,0.009448818897637795,0.03550295857988166,0.9378698224852071,0.026627218934911243,0.4531590413943355
1212,1975.0,31250.0,,30365.0,0.26384976525821596,0.21220657276995306,0.12769953051643193,0.21971830985915494,0.0,0.0,0.9746835443037974,0.02531645569620253,0.05889724310776942
1231,3400.0,75493.0,92656.0,67574.0,0.060938682816048445,0.1919000757002271,0.043527630582891746,0.3039364118092354,0.2153671461014383,0.4108823529411765,0.46088235294117647,0.12823529411764706,0.5973578403216542
1232,2937.0,78421.0,109293.0,,0.06712270200940573,0.04574604531851219,0.04873877725523728,0.3180846515604959,0.21376656690893545,0.6976506639427987,0.2536601974804222,0.04868913857677903,0.5
1233,2972.0,65139.0,94188.0,,0.04847908745247148,0.13783269961977188,0.0741444866920152,0.2870722433460076,0.31606463878326996,0.5699865410497981,0.2873485868102288,0.1426648721399731,0.4515491100856954
1241,4095.0,48283.0,60920.0,,0.20947030497592295,0.26324237560192615,0.04534510433386838,0.1508828250401284,0.09630818619582665,0.3125763125763126,0.5587301587301587,0.12869352869352868,0.3606041535556954
1242,3905.0,39949.0,45957.0,39177.0,0.11167883211678832,0.23686131386861314,0.00948905109489051,0.2587591240875912,0.17664233576642335,0.4256081946222791,0.4914212548015365,0.08297055057618438,0.38154192459200903
1243,3018.0,100753.0,105104.0,,0.04191147669408539,0.060712886799843324,0.06267136701919311,0.3552683117900509,0.2965139052095574,0.7816434724983433,0.0828363154406892,0.13552021206096754,0.6539923954372624
1246,1578.0,47852.0,59444.0,,0.17820773930753564,0.2983706720977597,0.05702647657841141,0.1384928716904277,0.0539714867617108,0.22686945500633712,0.7021546261089987,0.07097591888466413,0.31241473396998637
1255,4274.0,66188.0,81842.0,47404.0,0.03151010701545779,0.1275267538644471,0.061533888228299645,0.3097502972651605,0.3510701545778835,0.47192325690219933,0.3537669630322883,0.1743097800655124,0.2411194833153929
1256,5234.0,91175.0,94453.0,63116.0,0.037675166551803356,0.13760624856420858,0.05306685044796692,0.37767057201929705,0.22076728692855502,0.46904852884982806,0.38058846006878105,0.1503630110813909,0.1881563593932322
1257,1962.0,23377.0,,23004.0,0.11046025104602511,0.44686192468619246,0.024267782426778243,0.05188284518828452,0.13807531380753138,0.0417940876656473,0.9495412844036697,0.008664627930682976,0.06697247706422019
1266,2503.0,17623.0,,16484.0,0.16239850093691444,0.2567145534041224,0.04059962523422861,0.10743285446595878,0.07245471580262336,0.22413104274870155,0.7502996404314822,0.02556931681981622,0.30599078341013825
1267,882.0,46413.0,28261.0,49615.0,0.12151394422310757,0.2848605577689243,0.03386454183266932,0.07569721115537849,0.14143426294820718,0.20068027210884354,0.7743764172335601,0.024943310657596373,0.3886138613861386
1268,3182.0,77880.0,80000.0,83264.0,0.026815181518151814,0.10396039603960396,0.09117161716171616,0.3857260726072607,0.1782178217821782,0.7479572595851666,0.1257071024512885,0.12633563796354494,0.5945257797581158
1269,4062.0,49468.0,,49335.0,0.17754952311078503,0.36390315480557595,0.05612619222303742,0.08584005869405723,0.043286867204695524,0.043328409650418516,0.9219596258000985,0.03471196454948301,0.469760900140647
1270,1338.0,29750.0,53750.0,29232.0,0.09492988133764833,0.5447680690399137,0.03128371089536138,0.06472491909385113,0.061488673139158574,0.09641255605381166,0.8266068759342302,0.07698056801195814,0.5311418685121108
1271,1396.0,16926.0,,16565.0,0.1376953125,0.4189453125,0.0791015625,0.12890625,0.0751953125,0.11962750716332378,0.8445558739255015,0.03581661891117478,0.20438957475994513
1272,4532.0,72188.0,85948.0,71237.0,0.038993362831858405,0.43224557522123896,0.01825221238938053,0.1875,0.14574115044247787,0.5255957634598412,0.4172550750220653,0.05714916151809356,0.41787658802177857
1273,4472.0,65404.0,84279.0,34743.0,0.054626532887402456,0.23606465997770346,0.08193979933110368,0.21850613154960982,0.20261984392419174,0.31216457960644006,0.5666368515205724,0.12119856887298748,0.4610154125113327
1274,4011.0,41623.0,91300.0,,0.1306684581793752,0.28249916022841787,0.009405441719852201,0.18038293584145113,0.14813570708767215,0.3931687858389429,0.5776614310645725,0.02916978309648467,0.32130991931656383
1275,1860.0,28982.0,69659.0,13346.0,0.2650439486139283,0.22177146720757268,0.04192021636240703,0.2021636240703178,0.10818120351588911,0.2779569892473118,0.6263440860215054,0.0956989247311828,0.15555555555555556
1276,2655.0,81277.0,86875.0,,0.025842178126442086,0.10059990770650669,0.07383479464697738,0.3894785417628057,0.2639593908629442,0.7728813559322034,0.07947269303201507,0.14764595103578154,0.4216725559481743
1277,1906.0,21972.0,21202.0,22339.0,0.36556776556776555,0.3457875457875458,0.021245421245421246,0.05567765567765568,0.017582417582417582,0.059286463798530954,0.940713536201469,0.0,0.42691415313225056
1278,3507.0,25091.0,35402.0,20685.0,0.11401425178147269,0.342042755344418,0.040380047505938245,0.11342042755344418,0.1668646080760095,0.30966638152266895,0.5791274593669803,0.11120615911035073,0.018447837150127225
2101.01,1434.0,73438.0,,71075.0,0.10270270270270271,0.17567567567567569,0.09594594594594595,0.21351351351351353,0.22702702702702704,0.23291492329149233,0.7510460251046025,0.01603905160390516,0.777027027027027
2101.02,3543.0,55488.0,86711.0,37372.0,0.16372021521906227,0.2794004611837048,0.07763259031514219,0.06341275941583398,0.026133743274404306,0.23285351397121085,0.7163420829805249,0.05080440304826418,0.48623853211009177
2102,6944.0,38600.0,53224.0,38303.0,0.12750455373406194,0.4418423106947697,0.08925318761384335,0.052823315118397086,0.0273224043715847,0.08942972350230415,0.857286866359447,0.053283410138248846,0.40166204986149584
2103,3522.0,55229.0,55779.0,54740.0,0.14745062011943041,0.24850711988975654,0.08865411116214975,0.08497932935231971,0.03123564538355535,0.17234525837592277,0.7898921067575241,0.037762634866553096,0.45006747638326583
2104,4115.0,48185.0,40909.0,48750.0,0.13740458015267176,0.37181933842239184,0.06870229007633588,0.05566157760814249,0.1269083969465649,0.04447144592952612,0.92636695018226,0.02916160388821385,0.5955284552845529
2105.01,3118.0,41750.0,,46750.0,0.08892815076560659,0.3457008244994111,0.1354534746760895,0.10541813898704358,0.10129564193168433,0.011545862732520847,0.9884541372674791,0.0,0.6304568527918781
2105.02,3833.0,53622.0,,54103.0,0.07464607464607464,0.40497640497640497,0.12784212784212784,0.09652509652509653,0.01673101673101673,0.06313592486303157,0.8909470388729455,0.04591703626402296,0.697594501718213
2106,6067.0,45863.0,58281.0,40343.0,0.10430733410942956,0.3485448195576251,0.11641443538998836,0.12945285215366706,0.07054714784633294,0.18163837151804846,0.7656172737761662,0.052744354705785396,0.5013282732447818
2107.02,6748.0,47901.0,30708.0,52865.0,0.06237721021611002,0.4904223968565815,0.04960707269155206,0.03585461689587426,0.10019646365422397,0.08624777711914641,0.8541790160047421,0.059573206876111444,0.5762037405491445
2107.03,3579.0,63365.0,86509.0,58234.0,0.08475991649269311,0.3536534446764092,0.11189979123173277,0.1139874739039666,0.026722338204592903,0.2129086336965633,0.7370773959206482,0.050013970382788486,0.5532523230879199
2107.04,3432.0,47596.0,48750.0,48942.0,0.09337483325922633,0.2934637616718542,0.1382836816362828,0.10626945309026234,0.046242774566473986,0.044580419580419584,0.9038461538461539,0.051573426573426576,0.2600518806744488
2108.03,3940.0,76458.0,51925.0,77961.0,0.0595959595959596,0.15622895622895622,0.08215488215488216,0.09494949494949495,0.3053872053872054,0.19593908629441625,0.7774111675126903,0.0266497461928934,0.7998829724985371
2108.05,6740.0,77811.0,45754.0,79157.0,0.059074573225516624,0.2803234501347709,0.14690026954177898,0.1105121293800539,0.10983827493261455,0.11186943620178041,0.8626112759643917,0.025519287833827894,0.5814977973568282
2108.06,4936.0,68750.0,86033.0,66946.0,0.09480812641083522,0.17663656884875847,0.09001128668171557,0.18227990970654628,0.1396726862302483,0.11527552674230146,0.8666936790923825,0.018030794165316045,0.7950561797752809
2108.07,5165.0,76746.0,58670.0,78603.0,0.0881475454298888,0.26878220775698397,0.09981014374830485,0.17385408190941146,0.16327637645782478,0.12971926427879962,0.8470474346563408,0.023233301064859633,0.7142857142857143
2108.08,3549.0,94107.0,62206.0,91940.0,0.16532258064516128,0.13172043010752688,0.07078853046594982,0.20340501792114696,0.2056451612903226,0.10989010989010989,0.7774020850943928,0.11270780501549732,1.0
2109.12,7477.0,93686.0,115179.0,90673.0,0.05848817567567568,0.17757601351351351,0.12035472972972973,0.19383445945945946,0.13956925675675674,0.25157148589006284,0.6450448040658018,0.10338371004413535,0.8637077769049489
2109.21,4566.0,83056.0,94904.0,72478.0,0.1383581033262562,0.16454352441613587,0.16171266808209483,0.20276008492569003,0.06440198159943383,0.39947437582128775,0.5162067455102934,0.08431887866841875,0.7854251012145749
2109.23,5340.0,65031.0,65500.0,65000.0,0.0789186237028946,0.2984707809939924,0.0977607864554888,0.17777170944838885,0.060076460950300385,0.39250936329588015,0.5606741573033708,0.04681647940074907,0.7343039126478617
2109.24,4687.0,76169.0,74875.0,69271.0,0.08344504021447721,0.15985254691689008,0.10221179624664879,0.2272117962466488,0.11394101876675604,0.22871772989118838,0.6782590142948581,0.09302325581395349,0.6411865373645179
2109.25,5001.0,62936.0,82993.0,60061.0,0.03625081645983018,0.2952318745917701,0.1410842586544742,0.22599608099281515,0.06662312214239059,0.3715256948610278,0.5282943411317736,0.10017996400719856,0.595296423321901
2109.26,3128.0,77449.0,71500.0,101036.0,0.07449725776965264,0.3793418647166362,0.12157221206581353,0.15676416819012798,0.14670932358318098,0.3596547314578005,0.510230179028133,0.1301150895140665,0.7631359466221852
2109.27,4476.0,114289.0,111875.0,117083.0,0.03233256351039261,0.24348399868030354,0.11052457934675025,0.2161002969317057,0.2048828769383042,0.2893208221626452,0.5998659517426274,0.11081322609472744,1.0
2109.28,6351.0,113534.0,78813.0,114362.0,0.05256064690026954,0.19433962264150945,0.10269541778975741,0.1908355795148248,0.24609164420485174,0.12061092741300583,0.7143756888678948,0.16501338371909935,0.8295633876906892
2110.01,4842.0,70590.0,60288.0,71624.0,0.06651598320955764,0.28123990958992573,0.09493057797868905,0.17113335485954148,0.08330642557313529,0.3572903758777365,0.5695993391160677,0.07311028500619579,0.7412742382271468
2110.02,2854.0,61530.0,99113.0,58690.0,0.09928716904276985,0.25509164969450104,0.12983706720977597,0.15682281059063136,0.09928716904276985,0.42957252978276106,0.42571829011913104,0.14470918009810793,0.6275590551181103
2111.01,7376.0,69321.0,64091.0,76905.0,0.0634638196915777,0.3406484776591538,0.12356662712534598,0.12099644128113879,0.0634638196915777,0.4117407809110629,0.5089479392624728,0.07931127982646421,0.5596299966963991
2111.02,4591.0,41042.0,58158.0,36771.0,0.07159420289855073,0.23594202898550726,0.18956521739130436,0.14579710144927535,0.0918840579710145,0.3563493792202135,0.5704639512088869,0.07318666957089959,0.5126446635233605
2112.01,4623.0,37730.0,32186.0,38750.0,0.1091644204851752,0.26549865229110514,0.15128032345013476,0.16138814016172506,0.08086253369272237,0.4153147306943543,0.4510058403634004,0.1336794289422453,0.4091279543602282
2112.02,3317.0,74938.0,77440.0,47388.0,0.09760201935212452,0.3445519562473706,0.08077408498106857,0.11527135044173328,0.15565839293226758,0.7971058185107024,0.16701839011154657,0.03587579137775098,0.8174825174825174
2113.01,6792.0,71667.0,86375.0,71081.0,0.10883140053523639,0.3409901873327386,0.0767172167707404,0.14652096342551293,0.05129348795718109,0.571113074204947,0.2910777385159011,0.13780918727915195,0.7387820512820513
2113.31,6167.0,73207.0,82063.0,67065.0,0.073916311701328,0.32498120771736405,0.13079428714607869,0.1826609872212478,0.03733400150338261,0.5432138803307929,0.3473325766174801,0.10945354305172693,0.6663804207814513
2113.32,5575.0,69637.0,78606.0,65850.0,0.06792844179414052,0.33419756287269897,0.13326419497018407,0.13844957220637802,0.07285455016852475,0.6199103139013453,0.24789237668161435,0.13219730941704036,0.7969441093687173
2113.33,6285.0,64886.0,91172.0,51033.0,0.06095512359011279,0.14734821214302857,0.10439164866810655,0.3575713942884569,0.11711063114950804,0.43484486873508355,0.45855210819411296,0.10660302307080351,0.683047619047619
2113.34,4247.0,82998.0,88194.0,83351.0,0.05053908355795148,0.35444743935309975,0.07243935309973046,0.20721024258760107,0.04716981132075472,0.516599952907935,0.38686131386861317,0.09653873322345184,0.6298168035375868
2114.01,5093.0,45738.0,50410.0,45724.0,0.09018404907975461,0.3861963190184049,0.06411042944785277,0.12576687116564417,0.08803680981595093,0.5590025525230709,0.2601610053013941,0.18083644217553504,0.4302496328928047
2114.02,1947.0,44245.0,62159.0,38482.0,0.046456692913385826,0.4062992125984252,0.05511811023622047,0.1377952755905512,0.06929133858267716,0.5531587057010786,0.3882896764252696,0.05855161787365177,0.3661691542288557
2115,2856.0,42244.0,,44450.0,0.12591605596269154,0.4150566289140573,0.13524317121918722,0.12591605596269154,0.014656895403064623,0.027661064425770307,0.9509803921568627,0.021358543417366947,0.41040462427745666
2116,5926.0,61425.0,64464.0,56058.0,0.06126968503937008,0.38016732283464566,0.13951771653543307,0.18823818897637795,0.06299212598425197,0.2728653391832602,0.6640229497131286,0.0631117111036112,0.6972773419473927
2117,3733.0,60287.0,47089.0,72804.0,0.10758122743682311,0.3747292418772563,0.08375451263537906,0.13646209386281588,0.1003610108303249,0.4304848647200643,0.5652290383069917,0.004286096972944013,0.6062945368171021
2118.01,3251.0,48367.0,73470.0,48039.0,0.17185256103398755,0.42939205361416943,0.07276208712302537,0.14025849688846337,0.019626615605552896,0.11996308828052907,0.7914487849892341,0.08858812673023685,0.569811320754717
2118.02,2573.0,61574.0,57917.0,67454.0,0.04911180773249739,0.4994775339602926,0.054858934169279,0.12643678160919541,0.027168234064785787,0.12281383598911776,0.8472600077730276,0.029926156237854645,0.6498344370860927
2119,3803.0,26215.0,,26320.0,0.12463556851311954,0.4446064139941691,0.1129737609329446,0.006924198250728863,0.03462099125364432,0.046542203523534054,0.9176965553510387,0.03576124112542729,0.22360894435777431
2120.02,3238.0,34606.0,,35068.0,0.05504587155963303,0.35490101400289714,0.15982617093191695,0.02993722839208112,0.0318686624818928,0.0846201358863496,0.8721432983323039,0.04323656578134651,0.13803872579637727
2120.03,3040.0,30558.0,30147.0,27188.0,0.12961971076593465,0.3085163363685056,0.09266202463845742,0.10337439742903053,0.048205677557579006,0.018421052631578946,0.9549342105263158,0.026644736842105263,0.2647272727272727
2120.04,3743.0,32065.0,55403.0,31239.0,0.1901509705248023,0.4396117900790798,0.02192667145938174,0.09992810927390366,0.006829618979151689,0.061715201709858405,0.9003473149879776,0.03793748330216404,0.5714285714285714
2121.01,3996.0,41823.0,,41927.0,0.19222986645082962,0.4868474301902064,0.07203561311210037,0.03763658437879401,0.014164305949008499,0.04479479479479479,0.9046546546546547,0.05055055055055055,0.4297407912687585
2121.02,2850.0,38073.0,45000.0,35238.0,0.18040621266427717,0.46833930704898447,0.07765830346475508,0.03225806451612903,0.02031063321385902,0.029473684210526315,0.92,0.05052631578947368,0.3221674876847291
2122.01,3758.0,40807.0,,40965.0,0.1107278371852363,0.4353225250086237,0.12245601931700587,0.10762331838565023,0.0434632631942049,0.060936668440659925,0.915646620542842,0.023416711016498136,0.7699421965317919
2122.02,2205.0,23854.0,,22250.0,0.25942156003505695,0.33304119193689746,0.04119193689745837,0.028045574057843997,0.03418054338299737,0.007709750566893424,0.9619047619047619,0.030385487528344673,0.2683461117196057
2123,5109.0,49670.0,42466.0,52500.0,0.037527593818984545,0.3901766004415011,0.04856512141280353,0.1605960264900662,0.141280353200883,0.15795654726952438,0.7704051673517323,0.0716382853787434,0.42146017699115046
2124,1910.0,51146.0,49896.0,52969.0,0.07005388760585066,0.32948421862971516,0.15088529638183218,0.10854503464203233,0.09083910700538876,0.12303664921465969,0.8089005235602095,0.06806282722513089,0.571041948579161
2125,4692.0,54135.0,59899.0,46688.0,0.07796917497733455,0.37564218797219706,0.03414928981565428,0.15744938047748563,0.051979449984889695,0.14087809036658142,0.8403665814151747,0.01875532821824382,0.4127310061601643
2126,4675.0,64457.0,61739.0,67820.0,0.08884859474161379,0.23783620429132668,0.0791779993955878,0.23662737987307345,0.11876699909338169,0.36705882352941177,0.5972192513368983,0.03572192513368984,0.6851669941060904
2127.01,3258.0,39819.0,26875.0,40296.0,0.10191082802547771,0.41548260656540914,0.06761391474767271,0.08770210681038706,0.04311611954924057,0.11049723756906077,0.8041743400859422,0.08532842234499693,0.4521926671459382
2127.02,1626.0,35876.0,53553.0,35292.0,0.1396588486140725,0.27611940298507465,0.1023454157782516,0.13219616204690832,0.06396588486140725,0.25584255842558423,0.7152521525215252,0.02890528905289053,0.5049226441631505
2131.02,514.0,72805.0,72774.0,,0.2582278481012658,0.22025316455696203,0.10632911392405063,0.14430379746835442,0.11645569620253164,0.8735408560311284,0.0311284046692607,0.09533073929961089,0.8468468468468469
2131.03,3373.0,59667.0,102000.0,,0.0688208140998741,0.36088963491397397,0.04490138480906421,0.21737305916911456,0.1296684851028116,0.5149718351615772,0.2223539875481767,0.26267417729024606,0.619645494830133
2131.04,1173.0,42981.0,33194.0,81645.0,0.045936395759717315,0.2143698468786808,0.016489988221436984,0.19316843345111898,0.15901060070671377,0.3895993179880648,0.6078431372549019,0.0025575447570332483,0.06607929515418502
2132.02,7034.0,97197.0,82647.0,76471.0,0.056955541897152226,0.2583486990370826,0.09014546199549273,0.22597828313870108,0.1684081130915796,0.5260164913278362,0.15794711401762865,0.3160363946545351,0.7242380261248186
2132.03,4245.0,101981.0,101910.0,,0.06223818073010173,0.27259126271693596,0.06193895870736086,0.32854578096947934,0.12746858168761221,0.8318021201413428,0.10789163722025913,0.060306242638398115,0.9862227324913893
2132.04,3678.0,53750.0,76896.0,45405.0,0.14501288185498712,0.29002576370997424,0.08428413691571586,0.17887375782112624,0.0931174089068826,0.6397498640565524,0.13458401305057097,0.22566612289287658,0.511455525606469
2133.01,3550.0,41541.0,49792.0,38457.0,0.14498299319727892,0.31420068027210885,0.07610544217687075,0.11096938775510204,0.07653061224489796,0.3923943661971831,0.4,0.2076056338028169,0.32989690721649484
2133.02,4044.0,44250.0,50046.0,28816.0,0.10171730515191546,0.4288859533245266,0.12505504183179217,0.09026860413914575,0.019374724790841038,0.3919386745796241,0.41419386745796244,0.19386745796241345,0.3083886541943271
2134.01,4649.0,51271.0,41595.0,61146.0,0.1553672316384181,0.3742937853107345,0.052259887005649715,0.1430084745762712,0.0702683615819209,0.29769842976984295,0.45407614540761454,0.24822542482254248,0.6414491209376665
2134.02,1672.0,45637.0,52604.0,39519.0,0.20537261698440207,0.4202772963604853,0.11005199306759099,0.05979202772963605,0.06932409012131716,0.42045454545454547,0.33133971291866027,0.24820574162679426,0.6400602409638554
2135,5318.0,51401.0,67244.0,42371.0,0.13530135301353013,0.36949569495694956,0.07478474784747847,0.0991389913899139,0.023616236162361623,0.4014667168108311,0.3606619029710417,0.23787138021812712,0.5939130434782609
2136,3850.0,35697.0,,35833.0,0.1736140954018049,0.4082509669101848,0.05500644606789858,0.04383326171035668,0.011602922217447357,0.13896103896103895,0.7342857142857143,0.12675324675324676,0.3175
2137.01,1146.0,34464.0,55417.0,29403.0,0.08453237410071943,0.10611510791366907,0.17625899280575538,0.20863309352517986,0.18884892086330934,0.3298429319371728,0.543630017452007,0.12652705061082026,0.41217798594847777
2137.02,3931.0,48567.0,52500.0,48438.0,0.053579082726103726,0.21088726960994428,0.03386198028289756,0.23317616802400343,0.21045863694813544,0.3533452047824981,0.5583820910709743,0.0882727041465276,0.6625629546726357
2138,4268.0,41346.0,,41453.0,0.09665427509293681,0.43531598513011155,0.06319702602230483,0.09033457249070632,0.03420074349442379,0.016869728209934397,0.9514995313964386,0.03163074039362699,0.5407938257993384
2139,1588.0,42813.0,,44375.0,0.11041292639138241,0.5457809694793537,0.04488330341113106,0.07989228007181329,0.012567324955116697,0.02518891687657431,0.924433249370277,0.05037783375314862,0.49645390070921985
2141,1187.0,31281.0,,31031.0,0.1588310038119441,0.47522236340533675,0.029224904701397714,0.07369758576874205,0.015247776365946633,0.019376579612468407,0.95787700084246,0.02274641954507161,0.51340206185567
2142,2671.0,40916.0,46193.0,38424.0,0.1440677966101695,0.3865348399246704,0.06308851224105462,0.08097928436911488,0.01647834274952919,0.14676151254211905,0.8251591164357919,0.028079371022089104,0.4488721804511278
2143,3696.0,46523.0,60395.0,44775.0,0.15042117930204574,0.31528279181708785,0.12113918973124749,0.16807059767348576,0.06337745687926194,0.2813852813852814,0.5917207792207793,0.1268939393939394,0.4387397899649942
2144,4449.0,49286.0,41971.0,68250.0,0.09259259259259259,0.3044569993722536,0.09761456371625864,0.17325800376647835,0.0834902699309479,0.6001348617666892,0.24207687120701282,0.15778826702629806,0.6056797020484171
2145,3265.0,67058.0,78000.0,51250.0,0.0900391474554154,0.3353632013919095,0.05437146585471944,0.24010439321444105,0.13527620704654197,0.6523736600306279,0.15283307810107197,0.19479326186830015,0.6464088397790055
2146.01,3254.0,46420.0,48516.0,31087.0,0.09203238176395398,0.3638687686408181,0.10609288453344695,0.1465700894759267,0.05027694929697486,0.6594960049170252,0.2519975414874001,0.08850645359557467,0.6592780240658644
2146.02,3823.0,56944.0,59028.0,47926.0,0.13717317165593026,0.422887457370216,0.0473664266767715,0.1110269041303524,0.08222811671087533,0.5357049437614438,0.343185979597175,0.12110907664138111,0.6637390213299874
2147,8329.0,55446.0,52344.0,46053.0,0.14239071286051153,0.29113005623072735,0.1266098313078179,0.10701977144930165,0.05260293850897878,0.434505943090407,0.15944291031336294,0.40605114659623004,0.6379310344827587
2148,5131.0,72724.0,75024.0,71168.0,0.06970375902414737,0.43515060990789145,0.11127707244212098,0.11750062235499129,0.03559870550161812,0.773923211849542,0.17969206782303646,0.04638472032742155,0.6656200941915228
2149.01,3465.0,48819.0,60741.0,44621.0,0.10649047804119705,0.3455110765643218,0.08550330353672755,0.24135250680139914,0.051690633501748934,0.6080808080808081,0.283982683982684,0.10793650793650794,0.6184863523573201
2149.02,2881.0,49444.0,60526.0,39693.0,0.1048951048951049,0.24475524475524477,0.09696969696969697,0.1710955710955711,0.10536130536130536,0.5362721277334259,0.4019437695244707,0.061784102742103435,0.37209302325581395
2150.01,2594.0,84474.0,60656.0,66951.0,0.04021164021164021,0.13333333333333333,0.09153439153439154,0.3603174603174603,0.27566137566137566,0.5219737856592136,0.11873554356206631,0.3592906707787201,0.3359497645211931
2150.03,4272.0,94645.0,90208.0,160469.0,0.037555697008274984,0.13335455124124762,0.031826861871419476,0.4331635900700191,0.2511139401654997,0.739934456928839,0.11329588014981273,0.14676966292134833,0.8291171915332989
2150.04,3189.0,65250.0,67529.0,72422.0,0.03917688959240206,0.1741195092995647,0.06489908982983775,0.28333992876929165,0.2896715472892758,0.5437441204139228,0.23737848855440577,0.21887739103167136,0.44982896237172176
2150.05,5654.0,86488.0,85774.0,71867.0,0.03359683794466403,0.1259881422924901,0.06052371541501976,0.2551877470355731,0.3759881422924901,0.6503360452776795,0.13883975946232754,0.21082419525999294,0.5456629728696981
2151.02,5682.0,75587.0,75499.0,,0.009903381642512078,0.1640096618357488,0.1751207729468599,0.24154589371980675,0.2541062801932367,0.6422034494896164,0.20978528687082013,0.14801126363956355,0.5465860597439545
2151.03,2307.0,110244.0,105662.0,111346.0,0.060838747784997045,0.1151801535735381,0.06202008269344359,0.41523922031896043,0.24689899586532782,0.7451235370611183,0.05374945817078457,0.20112700476809708,0.7649903288201161
2151.05,2460.0,97778.0,79311.0,,0.0,0.06875753920386007,0.08202653799758745,0.3956574185765983,0.3033775633293124,0.7524390243902439,0.07113821138211382,0.17642276422764228,0.6593137254901961
2151.41,3988.0,91235.0,90401.0,,0.02892960462873674,0.12375441980070717,0.08711025393764063,0.30665380906460943,0.297653487624558,0.813691073219659,0.05265797392176529,0.13365095285857573,0.9518518518518518
2151.43,2477.0,84661.0,78000.0,118542.0,0.07598164201937786,0.24579296277409485,0.06833248342682305,0.25293217746047936,0.17542070372259053,0.8126766249495357,0.08316511909568026,0.10415825595478401,0.8748921484037964
2151.44,5691.0,94145.0,97853.0,,0.033549005511622335,0.22501797268152407,0.07812125569134915,0.2520968128444764,0.19674095375029954,0.7429274292742928,0.0959409594095941,0.16113161131611317,0.7825426944971537
2151.45,5143.0,95694.0,76856.0,49232.0,0.03125872174155735,0.13675690761931342,0.06307563494278537,0.4814401339659503,0.19201786212670946,0.5251798561151079,0.17149523624343768,0.3033249076414544,0.47566718995290425
2151.46,2898.0,79810.0,76274.0,53879.0,0.0397422126745435,0.061224489795918366,0.08378088077336197,0.2787325456498389,0.48388829215896884,0.3119392684610076,0.17494824016563146,0.5131124913733609,0.1252847380410023
2152.01,6701.0,130060.0,125786.0,,0.030837941301573798,0.11548277328796257,0.029774564015312633,0.3979157805189281,0.2981709910676308,0.7160125354424712,0.09252350395463364,0.19146396060289508,0.5715778474399164
2152.31,4363.0,129355.0,126625.0,107969.0,0.020536601523683338,0.09937065253395164,0.040079496522027164,0.41503809208347137,0.25736999006293476,0.7446710978684391,0.06784322713729085,0.18748567499427,0.7659446450060169
2152.33,5278.0,105461.0,120679.0,81021.0,0.012459506603538499,0.11811612260154498,0.10490904560179416,0.33441315723897336,0.3065038624470471,0.7637362637362637,0.04831375521030693,0.18794998105342933,0.7782705099778271
2152.34,1510.0,176607.0,176161.0,,0.009501187648456057,0.0831353919239905,0.0665083135391924,0.31353919239904987,0.38954869358669836,0.8576158940397351,0.04701986754966887,0.09536423841059603,1.0
2152.35,5031.0,141302.0,128533.0,,0.05663856691253952,0.0779768177028451,0.059009483667017915,0.28055848261327715,0.4207060063224447,0.7646591134963228,0.025044722719141325,0.2102961637845359,0.8760411562959334
2152.36,3040.0,122500.0,120521.0,,0.06089878202435951,0.12095758084838303,0.03233935321293574,0.30659386812263756,0.35447291054178914,0.91875,0.011842105263157895,0.0694078947368421,0.9191666666666667
2153.01,3747.0,134345.0,116667.0,250001.0,0.022908712252690037,0.06525511975008677,0.05657757723012843,0.3023255813953488,0.4401249566122874,0.7760875366960235,0.05230851347744862,0.17160394982652788,0.7388606880992667
2153.02,3097.0,199338.0,203281.0,2499.0,0.01682582992269213,0.03365165984538426,0.007730786721236926,0.3360618462937699,0.42701227830832195,0.8178882789796578,0.004843396835647401,0.17726832418469488,0.9741302408563782
2154,5805.0,250001.0,250001.0,,0.010832932113625422,0.04092441020702937,0.01203659123736158,0.3307655272026962,0.5522388059701493,0.8801033591731267,0.016020671834625324,0.10387596899224806,0.9415204678362573
2155,5168.0,137930.0,137361.0,,0.002067336089781453,0.05522740696987596,0.02244536326048435,0.29356172474896636,0.544595392793857,0.6340944272445821,0.05263157894736842,0.31327399380804954,0.957922077922078
2156,4660.0,81399.0,82928.0,60313.0,0.04966356936879206,0.19416853572572892,0.07850048061518744,0.2656199935917975,0.1932073053508491,0.3785407725321888,0.4090128755364807,0.21244635193133046,0.4270676691729323
2157,5720.0,59263.0,70893.0,57859.0,0.0767380322347847,0.2593216261727207,0.12244407024296368,0.23454414241039212,0.1397642530671157,0.3194055944055944,0.58006993006993,0.10052447552447552,0.6343558282208589
2158.01,3423.0,173750.0,191167.0,94605.0,0.005259203606311044,0.056348610067618335,0.04996243425995492,0.3241923365890308,0.5101427498121713,0.7995910020449898,0.11042944785276074,0.08997955010224949,0.8983890954151177
2158.02,1599.0,68849.0,76375.0,,0.02882882882882883,0.3441441441441441,0.008108108108108109,0.2873873873873874,0.22612612612612612,0.6316447779862414,0.2964352720450281,0.07191994996873045,0.1437980241492865
2158.03,2338.0,89306.0,74419.0,,0.0034550839091806516,0.04244817374136229,0.06219151036525173,0.49654491609081935,0.28775913129318853,0.6595380667236954,0.10222412318220701,0.23823781009409753,0.24075161479741633
2159.01,2995.0,75042.0,88625.0,67255.0,0.017454235845040442,0.16389953171562366,0.05789697743720732,0.340144742443593,0.2950191570881226,0.42504173622704505,0.48414023372287146,0.09081803005008347,0.7683903860160233
2159.02,3252.0,54936.0,,56875.0,0.06096528365791702,0.281541066892464,0.05038103302286198,0.2239627434377646,0.1693480101608806,0.30227552275522757,0.5408979089790897,0.15682656826568267,0.7069320521619766
2160,1609.0,51938.0,75781.0,50656.0,0.10476190476190476,0.2638095238095238,0.0419047619047619,0.19428571428571428,0.15142857142857144,0.10379117464263518,0.8135487880671224,0.08266003729024239,0.4918300653594771
2161.01,2668.0,34761.0,49219.0,,0.014160485502360081,0.12811867835468643,0.052596089008766014,0.2670262980445044,0.43762643290627107,0.5191154422788605,0.16979010494752625,0.3110944527736132,0.2546676624346527
2161.02,3338.0,49421.0,158689.0,,0.04432348367029549,0.038102643856920686,0.005443234836702955,0.37636080870917576,0.46111975116640747,0.49670461354104256,0.21749550629119233,0.28579988016776514,0.304
2162.01,4306.0,138602.0,139462.0,53098.0,0.034828992783181675,0.025101976780671477,0.07561970505177283,0.3266394728584876,0.459366175086288,0.8153738968880632,0.07686948444031584,0.107756618671621,0.7140575079872205
2162.02,3401.0,116515.0,117778.0,66250.0,0.004417670682730923,0.03654618473895582,0.011646586345381526,0.40401606425702813,0.46947791164658637,0.9188473978241694,0.0326374595707145,0.04851514260511614,0.6083333333333333
2163,6904.0,87569.0,106875.0,36472.0,0.011563876651982379,0.022577092511013214,0.008259911894273128,0.394273127753304,0.5181718061674009,0.694090382387022,0.09791425260718424,0.20799536500579374,0.4306513409961686
2164.01,2481.0,157800.0,164083.0,,0.017130620985010708,0.012312633832976445,0.0,0.3576017130620985,0.4919700214132762,0.7964530431277711,0.009673518742442563,0.19387343812978639,0.7486486486486487
2164.02,2884.0,130991.0,140885.0,,0.008565310492505354,0.009100642398286937,0.005888650963597431,0.26017130620985013,0.6605995717344754,0.6189320388349514,0.05929264909847434,0.3217753120665742,0.49773413897280966
2165,5563.0,141146.0,150000.0,,0.058528868969153706,0.10756656999736357,0.014500395465330872,0.2762984445030319,0.48009491167940943,0.6798490023368686,0.12798849541614238,0.19216250224698903,0.5433707865168539
2166,2386.0,140563.0,162917.0,,0.0,0.029994643813604713,0.003749330476700589,0.37653990358864486,0.536689876807713,0.7510477787091366,0.08633696563285834,0.16261525565800503,0.5153374233128835
2167,3700.0,84223.0,89349.0,67652.0,0.009672619047619048,0.10900297619047619,0.060267857142857144,0.40029761904761907,0.2845982142857143,0.8521621621621621,0.07972972972972973,0.0681081081081081,0.4853019775521112
2168,3155.0,76458.0,90577.0,60995.0,0.006323396567299007,0.07407407407407407,0.05916892502258356,0.3938572719060524,0.3252032520325203,0.8602218700475436,0.06656101426307448,0.07321711568938194,0.5520902455209025
2169,2135.0,47464.0,48942.0,17353.0,0.005893909626719057,0.2043222003929273,0.045841519318926,0.3831041257367387,0.2364112639161755,0.6875878220140516,0.09742388758782201,0.21498829039812647,0.3330809992429977
2170,4159.0,69889.0,72520.0,,0.041391304347826084,0.18956521739130436,0.03860869565217391,0.3057391304347826,0.21078260869565218,0.7761481125270497,0.05433998557345516,0.16951190189949508,0.4838220424671385
2172,1798.0,66064.0,81208.0,53125.0,0.01079136690647482,0.16258992805755396,0.04316546762589928,0.21510791366906476,0.3683453237410072,0.6535038932146829,0.1596218020022247,0.18687430478309233,0.5316973415132924
2173,2723.0,85304.0,87348.0,,0.0,0.09946885562530179,0.05021728633510381,0.35055528730082086,0.3408981168517624,0.8082996694821888,0.07895703268453912,0.11274329783327212,0.5958512160228898
2174,4966.0,91173.0,90690.0,,0.01849217638691323,0.07795163584637269,0.017354196301564723,0.3638691322901849,0.40540540540540543,0.8086991542488925,0.005839710028191704,0.18546113572291584,0.6343254735214534
2175,5521.0,209201.0,207083.0,,0.004981646565285789,0.012847404299947561,0.01966439433665443,0.4360251704247509,0.43864708966963817,0.8596268791885529,0.0028980257199782648,0.13747509509146894,0.9858880778588808
2176,7496.0,181776.0,182193.0,2499.0,0.001641025641025641,0.021538461538461538,0.027487179487179488,0.4441025641025641,0.41702564102564105,0.8747331910352187,0.017075773745997867,0.10819103521878336,0.9349716446124764
2177.01,5975.0,206250.0,213967.0,,0.004765308553728854,0.04169644984512747,0.031212771026923995,0.4379318560876817,0.3979032642363593,0.8729707112970712,0.0038493723849372385,0.12317991631799163,0.8392173543173118
2177.02,7671.0,153235.0,147667.0,,0.03742836676217765,0.10977793696275072,0.03724928366762178,0.3325573065902579,0.3848495702005731,0.8353539303871724,0.032850997262416894,0.13179507235041063,0.9164244186046512
2178.02,6587.0,127774.0,129360.0,,0.016690413189497252,0.08385914919601059,0.04864644819865663,0.4194992876043151,0.30388764502340726,0.7036587217246091,0.0330954911188705,0.2632457871565204,0.911921032649962
2178.06,6262.0,93768.0,89493.0,,0.008068130883012102,0.18198117436127298,0.04997758852532497,0.3964589870013447,0.16337965038099506,0.7725966145001597,0.014691791759821143,0.21271159374001916,0.7104391052195526
2178.07,6077.0,126758.0,121583.0,,0.030145787002718062,0.08895478131949593,0.056338028169014086,0.445021003212256,0.2678527304175933,0.7745598156985355,0.05496132960342274,0.1704788546980418,0.8106409719312945
2178.41,5438.0,127647.0,125128.0,,0.004868050217781194,0.067384063540866,0.08455034588777863,0.3276966436074814,0.3402510889059698,0.7164398675983817,0.02666421478484737,0.2568959176167709,0.8448121645796064
2178.51,3040.0,170978.0,170761.0,,0.00960698689956332,0.08820960698689956,0.044978165938864625,0.42358078602620086,0.33930131004366815,0.8546052631578948,0.023026315789473683,0.12236842105263158,0.9914529914529915
2178.52,6767.0,178125.0,181332.0,,0.01437962202136401,0.05608052588331964,0.03266228430566968,0.36832374691865244,0.38331963845521777,0.8887246933648588,0.00857100635436678,0.10270430028077435,0.973069306930693
2178.53,4806.0,131716.0,132388.0,,0.009746012994683993,0.05936207914943887,0.040756054341405785,0.31334908446544596,0.4388659184878913,0.583853516437786,0.06450270495214315,0.35164377861007073,0.6850353892821032
2178.54,1723.0,136053.0,130521.0,,0.0022091310751104565,0.11855670103092783,0.026509572901325478,0.34167893961708395,0.41384388807069217,0.7684271619268718,0.0,0.23157283807312826,0.9147869674185464
2179.21,4988.0,164808.0,153973.0,,0.01837270341207349,0.11927675707203267,0.03557888597258676,0.4249052201808107,0.29425488480606593,0.8127506014434643,0.012028869286287089,0.1752205292702486,0.84375
2179.23,6516.0,118059.0,120938.0,,0.0288879235447437,0.19656820156385751,0.08514335360556038,0.3273240660295395,0.18353605560382277,0.8265807243707797,0.03591160220994475,0.13750767341927564,0.7832532051282052
2179.31,6736.0,108730.0,108689.0,,0.02640192013964652,0.18263146410648048,0.10233471525201833,0.36133536984507963,0.1464106480471307,0.7033847980997625,0.02553444180522565,0.27108076009501186,0.8544045676998369
2179.32,4960.0,110238.0,104531.0,202232.0,0.02551605504587156,0.13188073394495411,0.059059633027522936,0.33170871559633025,0.23537844036697247,0.6963709677419355,0.02338709677419355,0.28024193548387094,0.7751479289940828
2179.41,6356.0,108553.0,98846.0,,0.031066133207813602,0.20522475876676866,0.07036949870557778,0.3174864674040951,0.21534478700870793,0.7177470106985525,0.04106356198867212,0.24118942731277532,0.8942065491183879
2179.42,5317.0,111346.0,104479.0,119219.0,0.019652305366591082,0.13227513227513227,0.08591584782060972,0.41017888636936256,0.25875535399344923,0.8783148391950348,0.030656385179612562,0.09102877562535264,0.8415721231766613
2179.43,3580.0,109181.0,110568.0,,0.022821576763485476,0.16431535269709543,0.08879668049792531,0.37095435684647304,0.2078838174273859,0.8217877094972067,0.010335195530726256,0.16787709497206704,0.857024106400665
2179.44,5769.0,126301.0,127260.0,,0.004325883201153569,0.05118961788031723,0.06681086277337178,0.47272290314828164,0.27565489065128573,0.7666840006933611,0.0,0.23331599930663893,0.9419180549302116
2180.12,4872.0,186595.0,191645.0,,0.021651270207852194,0.09411085450346421,0.04128175519630485,0.40300230946882215,0.3527713625866051,0.9189244663382594,0.008004926108374385,0.07307060755336617,0.9756924816280385
2180.13,5495.0,106231.0,106761.0,,0.019123505976095617,0.07224435590969455,0.05471447543160691,0.3545816733067729,0.35856573705179284,0.8125568698817106,0.008553230209281166,0.1788898999090082,0.650520597555455
2180.14,1351.0,159250.0,159938.0,,0.0064794816414686825,0.11555075593952484,0.10691144708423327,0.34773218142548595,0.33153347732181426,0.9600296076980015,0.0,0.03997039230199852,0.9940944881889764
2180.15,2634.0,129219.0,148490.0,,0.0,0.055301877219685436,0.026889903602232368,0.45865043125317095,0.38406900050735665,0.8826879271070615,0.0,0.11731207289293849,0.9114963503649635
2180.16,4147.0,83277.0,103839.0,106250.0,0.06770833333333333,0.13819444444444445,0.05381944444444445,0.3454861111111111,0.21944444444444444,0.6631299734748011,0.08198697853870268,0.25488304798649625,0.35451147891083823
2181.02,2897.0,78125.0,83007.0,2499.0,0.059194565744784086,0.17806889859291605,0.0853954391072295,0.3071324599708879,0.15380883066472587,0.7752847773558854,0.13117017604418363,0.09354504659993096,0.8076079005120702
2181.04,1989.0,63862.0,62083.0,128079.0,0.16470588235294117,0.28549019607843135,0.1011764705882353,0.16627450980392156,0.14823529411764705,0.7285067873303167,0.06586224233283057,0.20563097033685268,0.2968152866242038
2181.05,3846.0,57899.0,59702.0,53958.0,0.03198976327575176,0.145233525271913,0.0399872040946897,0.4254638515674984,0.15163147792706333,0.891835673426937,0.047321892875715026,0.060842433697347896,0.3170103092783505
2182.01,3473.0,119146.0,118994.0,,0.0013357079252003562,0.12911843276936777,0.05565449688334818,0.346393588601959,0.31834372217275153,0.9340627699395335,0.024762453210480852,0.041174776849985606,0.8033282904689864
2183,3967.0,80000.0,95281.0,75651.0,0.04192439862542955,0.15945017182130583,0.03745704467353952,0.354639175257732,0.23608247422680412,0.8764809679858835,0.05016385177716158,0.07335518023695488,0.6553030303030303
2184.01,4587.0,172813.0,160089.0,,0.03160040774719674,0.05402650356778797,0.05708460754332314,0.3690112130479103,0.3306150186884132,0.7482014388489209,0.008720296490080662,0.24307826466099847,0.92625
2184.02,4671.0,139732.0,140682.0,,0.011482939632545932,0.10072178477690288,0.06725721784776903,0.3914041994750656,0.29954068241469817,0.8398629843716549,0.005138086062941554,0.15499892956540356,0.8637911464245176
2185,4842.0,148618.0,161528.0,,0.024072500708014727,0.038516001132823566,0.015009912206173889,0.36703483432455397,0.4180118946474087,0.8703015282940934,0.01486988847583643,0.11482858323007022,0.9283402681460934
2186,2571.0,73356.0,82581.0,,0.020942408376963352,0.1549738219895288,0.05968586387434555,0.3036649214659686,0.27015706806282724,0.8020225593154414,0.12874367950213925,0.06923376118241929,0.602595296025953
2188,6111.0,168750.0,175179.0,,0.0,0.018431983385254414,0.027258566978193146,0.4039460020768432,0.46157840083073726,0.9392898052691867,0.0,0.06071019473081329,0.9580759046778464
2189.01,3904.0,76250.0,68043.0,88750.0,0.03711711711711712,0.13801801801801802,0.1009009009009009,0.3790990990990991,0.21477477477477477,0.5266393442622951,0.2953381147540984,0.17802254098360656,0.6942286348501665
2189.02,2530.0,102239.0,123850.0,57344.0,0.0683046683046683,0.09041769041769042,0.03931203931203931,0.37641277641277643,0.21965601965601966,0.7509881422924901,0.18102766798418973,0.06798418972332015,0.9460132890365448
2191,4109.0,91015.0,90870.0,,0.013513513513513514,0.07432432432432433,0.029516358463726886,0.34174964438122335,0.34992887624466573,0.8393769773667559,0.09540034071550256,0.06522268191774154,0.6797385620915033
2192,2414.0,135795.0,126979.0,195329.0,0.016483516483516484,0.14163614163614163,0.047619047619047616,0.24114774114774115,0.4542124542124542,0.87986743993372,0.05302402651201325,0.06710853355426678,0.6437246963562753
2193,2305.0,123750.0,143173.0,91250.0,0.013496143958868894,0.12146529562982006,0.05976863753213368,0.34640102827763497,0.36953727506426737,0.7731019522776572,0.0438177874186551,0.18308026030368763,0.8471720818291215
2194,6132.0,169474.0,175089.0,,0.0038186157517899762,0.05847255369928401,0.024821002386634844,0.4174224343675418,0.3847255369928401,0.9125896934116112,0.0,0.08741030658838878,0.8901785714285714
2195.01,4786.0,104888.0,107950.0,,0.02172437202987101,0.12016293279022404,0.10047522063815342,0.3153428377460964,0.34317718940936864,0.7682824905975763,0.010238194734642709,0.22147931466778104,0.8393691588785047
2195.02,2429.0,71250.0,83977.0,,0.024916147580258743,0.1648298993770963,0.1030186871106852,0.2860565404887398,0.29995208433157644,0.8554960889254838,0.014820913956360642,0.12968299711815562,0.5506706408345753
2196.01,4219.0,77133.0,76976.0,,0.010570824524312896,0.11778918755662941,0.05919661733615222,0.3527635155542132,0.21473874962247055,0.785731215927945,0.11234889784309078,0.10191988622896421,0.5369435520881138
2196.02,2600.0,118269.0,131193.0,41807.0,0.014582164890633763,0.10207515423443635,0.06393718452047112,0.2955692652832305,0.2338754907459338,0.7423076923076923,0.08384615384615385,0.17384615384615384,0.8128205128205128
2197,5451.0,61591.0,59722.0,,0.09032602886157136,0.2073757349011224,0.14858364510956706,0.19214323890967397,0.15606627471940138,0.8317739864245093,0.04733076499724821,0.12089524857824252,0.6458852867830424
2198.01,3781.0,78466.0,80450.0,,0.08533431843369044,0.23346878463243442,0.08127077946065756,0.26191355744366457,0.17103804950129295,0.8079873049457815,0.0,0.19201269505421847,0.7895065584009994
2198.02,3919.0,61000.0,58071.0,80746.0,0.02731307613519973,0.26459542505974737,0.12905428473881872,0.25708432912256746,0.1597814953909184,0.8267415156927788,0.09109466700688951,0.08216381730033172,0.647470398277718
2199,5828.0,81042.0,81786.0,,0.1534038638454462,0.23022079116835326,0.09130634774609016,0.20262189512419504,0.0749770009199632,0.7783115991763898,0.011496225120109815,0.21019217570350035,0.8386958386958387
2200.01,4677.0,76815.0,75357.0,,0.14470969643383436,0.24638962569997053,0.08841732979664015,0.19304450338933096,0.10433244916003537,0.8169766944622622,0.042976266837716486,0.1400470387000214,0.8454724409448819
2200.02,3564.0,73102.0,67188.0,96250.0,0.03381986472054112,0.3816304734781061,0.05731577073691705,0.2299750800996796,0.12887148451406194,0.8832772166105499,0.057800224466891134,0.058922558922558925,0.6129577464788732
2201.01,3922.0,56494.0,56890.0,,0.07527272727272727,0.2792727272727273,0.06436363636363636,0.1370909090909091,0.07490909090909091,0.8755736868944416,0.06374298827129016,0.06068332483426823,0.7498375568551007
2201.02,3902.0,48618.0,48668.0,37750.0,0.14418604651162792,0.27477638640429336,0.11556350626118068,0.22075134168157423,0.08586762075134168,0.82752434648898,0.040492055356227574,0.1319835981547924,0.6682305630026809
2202,5361.0,68059.0,67865.0,,0.12348993288590604,0.4198657718120805,0.07114093959731543,0.06496644295302013,0.01476510067114094,0.8686812161910091,0.010632344711807499,0.12068643909718337,0.9265734265734266
2203,1840.0,43882.0,41674.0,58964.0,0.11211129296235679,0.41816693944353517,0.07364975450081833,0.1072013093289689,0.029459901800327332,0.6967391304347826,0.1673913043478261,0.1358695652173913,0.3316892725030826
2204.41,5334.0,84688.0,87533.0,,0.054891436935838006,0.2678702122468895,0.13344718223957064,0.22737252988533788,0.12539643815564772,0.8093363329583803,0.044056992875890516,0.14660667416572928,0.7281512605042016
2204.42,4607.0,91200.0,90581.0,,0.06287425149700598,0.2904191616766467,0.12994011976047903,0.17664670658682635,0.08742514970059881,0.9394399826351205,0.003038853917950944,0.057521163446928585,0.9838350055741361
2204.43,4049.0,72733.0,73941.0,,0.055900621118012424,0.24648577966655769,0.11278195488721804,0.2716574043805165,0.11964694344557045,0.8658928130402569,0.04223265003704618,0.09187453692269697,0.5801011804384486
2204.45,5251.0,110293.0,107083.0,,0.048506510084248146,0.23308654582588717,0.05437835077865714,0.2356395200408476,0.27316824100076587,0.9619120167587126,0.007808036564463911,0.030279946676823464,0.9472913616398243
2204.46,4175.0,111944.0,108553.0,,0.0397489539748954,0.18584379358437936,0.0896094839609484,0.28486750348675033,0.19804741980474197,0.8704191616766467,0.04287425149700599,0.08670658682634731,0.9749058971141782
2204.47,2994.0,68558.0,67364.0,,0.01756697408871322,0.37549407114624506,0.04830917874396135,0.230566534914361,0.12736056214317085,0.948563794255177,0.03674014696058784,0.014696058784235137,0.6299265197060788
2204.48,5188.0,71672.0,72476.0,,0.06040775232821546,0.29750818021646114,0.02668009061162849,0.30581424616159075,0.15051598288447018,0.9024672320740169,0.07363145720894372,0.023901310717039322,0.5896003437902879
2204.49,4959.0,119811.0,123387.0,,0.08685064935064934,0.2002164502164502,0.09604978354978355,0.292478354978355,0.15422077922077923,0.8814277071990321,0.03770921556765477,0.08086307723331317,0.9103889709502708
2204.50,2673.0,113093.0,113136.0,,0.014767932489451477,0.20622362869198313,0.10337552742616034,0.3069620253164557,0.125,0.9161990273101385,0.005611672278338945,0.07818930041152264,0.8098859315589354
2204.51,3656.0,116806.0,120500.0,116818.0,0.031190566755420313,0.18257892734880182,0.12248003042982122,0.35564853556485354,0.13845568657284138,0.8919584245076586,0.03637855579868709,0.07166301969365427,0.9881217520415738
2204.52,4310.0,105694.0,102277.0,,0.033736707004033736,0.2907957462412908,0.10891089108910891,0.24275760909424277,0.1444811147781445,0.8932714617169374,0.0069605568445475635,0.09976798143851508,0.9886925795053003
2205.01,6089.0,56624.0,56380.0,123445.0,0.17003514938488576,0.3218365553602812,0.10281195079086115,0.1757469244288225,0.049868189806678384,0.9008047298406964,0.02824765971423879,0.07094761044506487,0.8132075471698114
2205.03,3277.0,66838.0,65588.0,,0.08150470219435736,0.19256605463502016,0.24406627854903717,0.23376623376623376,0.05866547245857591,0.9090631675312786,0.0006103143118706134,0.09032651815685078,0.8035303146584805
2205.04,3774.0,49186.0,52904.0,25127.0,0.04623878536922015,0.2670807453416149,0.060041407867494824,0.19496204278812976,0.08488612836438923,0.8688394276629571,0.08850026497085321,0.04266030736618972,0.5525333333333333
2206.01,5953.0,87851.0,79132.0,,0.06428267347807577,0.19646658152405277,0.1306939123031077,0.2358450404427416,0.15389527458492977,0.8605745002519738,0.020325886107844783,0.11909961364018141,0.8956086286594761
2206.02,5714.0,67372.0,66750.0,,0.11456007146047342,0.26619026351049574,0.12929879410451095,0.1540866458240286,0.08865564984368021,0.9018200910045502,0.04497724886244312,0.05320266013300665,0.7114308553157475
2207.01,3106.0,70911.0,70324.0,56875.0,0.04504927264195214,0.20976067573908963,0.14359455654622244,0.2641952135147818,0.1642421398404505,0.8853831294269157,0.012234385061171926,0.10238248551191242,0.6711409395973155
2207.02,4058.0,86603.0,85160.0,,0.04722859954083306,0.2738602820596917,0.08396195473925877,0.19448999672023615,0.19153820924893408,0.9398718580581568,0.0,0.06012814194184327,0.8618266978922716
2207.03,2684.0,89449.0,89026.0,,0.07253886010362694,0.3217616580310881,0.03782383419689119,0.2989637305699482,0.1533678756476684,0.8722056631892697,0.011922503725782414,0.11587183308494783,0.9272908366533864
2208.01,5506.0,66711.0,68396.0,29191.0,0.007052896725440806,0.3005037783375315,0.09496221662468514,0.2052896725440806,0.18387909319899245,0.8305484925535779,0.029785688339992736,0.13966581910642936,0.581832419733751
2208.02,5232.0,79363.0,78703.0,,0.012144765606023804,0.20548943405392275,0.06898226864221521,0.3419965994656303,0.20573232936604324,0.9325305810397554,0.00019113149847094801,0.0672782874617737,0.7159142726858185
2208.03,4777.0,127163.0,127163.0,,0.018950437317784258,0.07988338192419825,0.0597667638483965,0.3492711370262391,0.28309037900874634,0.9556206824366758,0.010257483776428721,0.03412183378689554,0.9468493150684931
2210,2998.0,66944.0,71316.0,42321.0,0.06579561362575828,0.1941203919738684,0.06859542697153523,0.2501166588894074,0.162389174055063,0.6824549699799867,0.1591060707138092,0.15843895930620414,0.6051851851851852
2211,2001.0,134474.0,134309.0,,0.001483679525222552,0.08086053412462908,0.0712166172106825,0.4413946587537092,0.2997032640949555,0.8460769615192404,0.05897051474262868,0.09495252373813093,0.9366754617414248
2212.01,3862.0,147946.0,147857.0,,0.024514811031664963,0.1821586653047327,0.06230847803881512,0.3435478379298604,0.2945182158665305,0.9179181771103055,0.021750388399792854,0.06033143448990161,0.7984137475214805
2212.02,6085.0,88750.0,89453.0,,0.024126268320180385,0.19413754227733934,0.08613303269447577,0.380608793686584,0.15783540022547915,0.9694330320460148,0.01199671322925226,0.01857025472473295,0.7234904270986745
2213.32,4234.0,107308.0,105865.0,,0.02648800249298847,0.24867559987535057,0.05578061701464631,0.36522281084449987,0.1511374259894048,0.8930089749645725,0.016769012753897024,0.09022201228153047,0.8978723404255319
2213.35,6242.0,79896.0,77105.0,,0.018061674008810574,0.20616740088105726,0.1303964757709251,0.2830396475770925,0.16762114537444933,0.9285485421339315,0.004645946811919256,0.06680551105414931,0.7148245944926442
2213.36,3331.0,60250.0,60417.0,,0.01887550200803213,0.25662650602409637,0.0746987951807229,0.26024096385542167,0.0895582329317269,0.8982287601320925,0.009306514560192134,0.0924647253077154,0.8707865168539326
2213.37,3911.0,95104.0,94149.0,,0.014338385907414994,0.24088488324457188,0.07988529291274069,0.27857435477263415,0.17902498975829578,0.9120429557657888,0.010738941447200204,0.077218102787011,0.6641841570751523
2213.38,3485.0,53281.0,49614.0,66764.0,0.054227156276686596,0.14859094790777114,0.053800170794193,0.3783091374893254,0.0623398804440649,0.7856527977044476,0.14318507890961263,0.07116212338593975,0.41315637622619733
2213.39,3438.0,90154.0,88594.0,,0.03604651162790698,0.2069767441860465,0.08410852713178295,0.2713178294573643,0.16007751937984496,0.8967422920302501,0.02356020942408377,0.07969749854566609,0.8993103448275862
2214.21,7183.0,135625.0,133594.0,,0.012598761477685244,0.15460175101430707,0.07772795216741404,0.36963484945547725,0.22101217168481743,0.8815258248642629,0.008492273423360713,0.10998190171237644,0.954856912535268
2214.23,4087.0,97991.0,107938.0,,0.04428571428571428,0.1757142857142857,0.09857142857142857,0.27285714285714285,0.1875,0.8639588940543186,0.009787129924149743,0.12625397602153168,0.8697883258499037
2214.24,4970.0,106475.0,105389.0,,0.01897810218978102,0.17313868613138686,0.08700729927007299,0.30423357664233575,0.2,0.9126760563380282,0.005432595573440644,0.08189134808853119,0.8250564334085779
2214.25,5223.0,109932.0,109713.0,,0.07992515370221866,0.14434643143544507,0.07939053728949479,0.33119486768243783,0.1582464581662657,0.8876124832471759,0.00842427723530538,0.10396323951751867,0.7291288566243194
2214.26,2819.0,95878.0,95338.0,,0.00998003992015968,0.19810379241516965,0.05389221556886228,0.3473053892215569,0.2025948103792415,0.8439162823696347,0.015608371763036538,0.14047534586732885,0.8433734939759037
2215.02,7710.0,126612.0,129149.0,,0.013231064237775647,0.15647171620325984,0.08667305848513902,0.34343240651965484,0.2253116011505273,0.8635538261997406,0.0038910505836575876,0.13255512321660182,0.8572942423172024
2215.03,7424.0,109435.0,128917.0,,0.05725190839694656,0.22576335877862597,0.0982824427480916,0.20935114503816793,0.16965648854961832,0.8506196120689655,0.05697737068965517,0.09240301724137931,0.8019063406547866
2215.06,4850.0,139191.0,151466.0,,0.0011994002998500749,0.0911544227886057,0.06746626686656672,0.45217391304347826,0.2110944527736132,0.8418556701030928,0.008041237113402062,0.15010309278350514,0.8550964187327824
2216.21,4955.0,180125.0,181625.0,,0.017083587553386213,0.10219646125686394,0.03813300793166565,0.41366687004270897,0.28248932275777916,0.9200807265388496,0.00887991927346115,0.0710393541876892,0.9375361480624639
2216.24,3504.0,118750.0,118750.0,,0.03264540337711069,0.09080675422138837,0.04652908067542214,0.4101313320825516,0.19624765478424014,0.8867009132420092,0.016552511415525113,0.09674657534246575,0.7558372248165444
2216.25,6862.0,120992.0,118872.0,,0.022368981678738815,0.10971452918619515,0.10012782275244994,0.3591819343843204,0.21346399659139326,0.8512095598950743,0.008598076362576508,0.14019236374234917,0.8020171834142698
2216.26,6444.0,174208.0,169265.0,,0.020805957074025404,0.11738939991239597,0.031099430573806396,0.4110819097678493,0.30332895313184405,0.8355058969584109,0.01520794537554314,0.14928615766604594,0.9550608987820244
2216.27,6217.0,250001.0,250001.0,,0.02318977756743966,0.038570752484619025,0.03880738286796025,0.3977756743965925,0.42830099384761006,0.7559916358372205,0.023805694064661414,0.22020267009811806,1.0
2216.29,6056.0,216750.0,208817.0,,0.002911914583838874,0.04076680417374424,0.027663188546469302,0.4023295316670711,0.42052899781606407,0.7988771466314399,0.014200792602377808,0.18692206076618229,0.9874360167519777
2216.30,2305.0,107750.0,90694.0,143824.0,0.030303030303030304,0.09675704412546518,0.06432748538011696,0.3487506645401382,0.2902711323763955,0.7171366594360087,0.05726681127982646,0.22559652928416485,0.4899436846339501
2216.31,6382.0,107384.0,105357.0,,0.023809523809523808,0.08945260347129506,0.0522919448153093,0.3965287049399199,0.3340008900756564,0.5756816045126919,0.007521153243497336,0.4167972422438107,0.4623444662737394
2218,3052.0,36351.0,34904.0,36570.0,0.11203814064362336,0.2824791418355185,0.066746126340882,0.03814064362336114,0.15077473182359952,0.07765399737876802,0.8538663171690695,0.06847968545216251,0.507537688442211
2219,3915.0,113261.0,113098.0,,0.037611349389640385,0.15440448696799736,0.06631474760805015,0.3856812933025404,0.1834378093038601,0.8983397190293742,0.027075351213282247,0.07458492975734356,0.8734335839598998
2220,3581.0,82188.0,92550.0,,0.04079568442346595,0.25488873904248144,0.0667565745111261,0.2744436952124073,0.21072151045178691,0.8952806478637252,0.05138229544819883,0.05333705668807596,0.6856649395509499
2221,5331.0,139967.0,144444.0,,0.008102822017323274,0.10393964794635373,0.0866163732886281,0.42162615255658004,0.26571668063704945,0.8004126805477396,0.0028137310073157004,0.19677358844494466,0.947289905519642
